<?xml version="1.0" encoding="UTF-8" ?>
<!DOCTYPE mapper
        PUBLIC "-//mybatis.org//DTD Mapper 3.0//EN"
        "http://mybatis.org/dtd/mybatis-3-mapper.dtd">
<mapper namespace="test.coursedesign.mapper.ACMMapper">
    <delete id="delete">
        delete from acm
        where id in
        <foreach collection="ids" item="id" separator="," open="(" close=")">
            #{id}
        </foreach>
    </delete>
    <select id="select" resultType="test.coursedesign.pojo.ACM">
        select id,name,start_date,update_date,status
        from acm
        <where>
            <if test="id != null">
                id = #{id}
            </if>
            <if test="name != null">
                name = #{name}
            </if>
            <if test="startDate != null">
                startDate = #{startDate}
            </if>
            <if test="updateDate != null">
                updateDate = #{updateDate}
            </if>
            <if test="status != null">
                status = #{status}
            </if>
        </where>
    </select>
    <update id="update">
        update acm
        <set>
            <if test="name !=null">
                name = #{name},
            </if>
            <if test="updateDate != null">
                update_date = #{updateDate},
            </if>
            <if test="status != null">
                status = #{status}
            </if>
        </set>
        where id = #{id}
    </update>


</mapper>