<?xml version="1.0" encoding="UTF-8" ?>
<!DOCTYPE mapper
        PUBLIC "-//mybatis.org//DTD Mapper 3.0//EN"
        "http://mybatis.org/dtd/mybatis-3-mapper.dtd">
<mapper namespace="test.coursedesign.mapper.ASCWTMMapper">

    <!-- 新增数据 -->
    <insert id="insert" parameterType="test.coursedesign.pojo.ASCWTM">
        INSERT INTO ASCWTM(student_id, tutor_name, subject_name, homework_title)
        VALUES(#{studentId}, #{tutorName}, #{subjectName}, #{homeworkTitle})
    </insert>

    <!-- 删除数据 -->
    <delete id="delete">
        DELETE FROM ASCWTM
        WHERE id IN
        <foreach collection="ids" item="id" open="(" separator="," close=")">
            #{id}
        </foreach>
    </delete>

    <!-- 根据 ID 查询 -->
    <select id="selectById" parameterType="int" resultType="test.coursedesign.pojo.ASCWTM">
        SELECT *
        FROM ASCWTM
        WHERE id = #{id}
    </select>

    <!-- 动态条件查询 -->
    <select id="select" parameterType="test.coursedesign.pojo.ASCWTM" resultType="test.coursedesign.pojo.ASCWTM">
        SELECT *
        FROM ASCWTM
        <where>
            <if test="studentId != null">
                AND student_id = #{studentId}
            </if>
            <if test="subjectName != null">
                AND subject_name = #{subjectName}
            </if>
            <if test="homeworkTitle != null">
                AND homework_title = #{homeworkTitle}
            </if>
        </where>
    </select>

    <!-- 更新数据 -->
    <update id="update" parameterType="test.coursedesign.pojo.ASCWTM">
        UPDATE ASCWTM
        <set>
            <if test="studentId != null">
                student_id = #{studentId},
            </if>
            <if test="tutorName != null">
                tutor_name = #{tutorName},
            </if>
            <if test="subjectName != null">
                subject_name = #{subjectName},
            </if>
            <if test="homeworkTitle != null">
                homework_title = #{homeworkTitle}
            </if>
        </set>
        WHERE id = #{id}
    </update>

</mapper>
