<?xml version="1.0" encoding="UTF-8" ?>
<!DOCTYPE mapper
        PUBLIC "-//mybatis.org//DTD Mapper 3.0//EN"
        "http://mybatis.org/dtd/mybatis-3-mapper.dtd">
<mapper namespace="test.coursedesign.mapper.CSMMapper">

    <delete id="delete">
            DELETE FROM CSM WHERE id IN
            <foreach collection="ids" item="id" separator="," open="(" close=")">
                #{id}
            </foreach>
    </delete>
    <select id="select2" resultType="test.coursedesign.pojo.CSM">
        SELECT CSM.id, CSM.student_id, CSM.name, CSM.major, CSM.class_name, CSM.contact_info
        FROM CSM
        <where>
            <if test="studentId != null">
                AND CSM.student_id = #{studentId}
            </if>
        </where>
    </select>
    <update id="update">
        UPDATE CSM
        <set>
            <if test="name != null">
                name = #{name},
            </if>
            <if test="major != null">
                major = #{major},
            </if>
            <if test="className != null">
                class_name = #{className},
            </if>
            <if test="contactInfo != null">
                contact_info = #{contactInfo}
            </if>
        </set>
        WHERE id = #{id}
    </update>

</mapper>