<?xml version="1.0" encoding="UTF-8" ?>
<!DOCTYPE mapper
        PUBLIC "-//mybatis.org//DTD Mapper 3.0//EN"
        "http://mybatis.org/dtd/mybatis-3-mapper.dtd">
<mapper namespace="test.coursedesign.mapper.CWMMapper">

    <delete id="delete">
            DELETE FROM CWM WHERE id IN
            <foreach collection="ids" item="id" separator="," open="(" close=")">
                #{id}
            </foreach>
    </delete>
    <select id="select2" resultType="test.coursedesign.pojo.CWM">
        SELECT CWM.id, CWM.title, CWM.description, CWM.submitdate
        FROM CWM
        <where>
            <if test="id != null">
                AND CWM.id = #{id}
            </if>
            <if test="title != null">
                AND CWM.title = #{title}
            </if>
        </where>
    </select>
    <update id="update">
        UPDATE CWM
        <set>
            <if test="title != null">
                title = #{title},
            </if>
            <if test="description != null">
                description = #{description},
            </if>
            <if test="submitDate != null">
                submitdate = #{submitDate}
            </if>
        </set>
        WHERE id = #{id}
    </update>

</mapper>