<?xml version="1.0" encoding="UTF-8" ?>
<!DOCTYPE mapper
        PUBLIC "-//mybatis.org//DTD Mapper 3.0//EN"
        "http://mybatis.org/dtd/mybatis-3-mapper.dtd">
<mapper namespace="test.coursedesign.mapper.GTMMapper">

    <delete id="delete">
            DELETE FROM GTM WHERE id IN
            <foreach collection="ids" item="id" separator="," open="(" close=")">
                #{id}
            </foreach>
    </delete>
    <select id="select2" resultType="test.coursedesign.pojo.GTM">
        SELECT GTM.id, GTM.name, GTM.title, GTM.contact_info
        FROM GTM
        <where>
            <if test="id != null">
                AND GTM.id = #{id}
            </if>
            <if test="name != null">
                AND GTM.name = #{name}
            </if>
        </where>
    </select>

    <update id="update">
        UPDATE GTM
        <set>
            <if test="name != null">
                name = #{name},
            </if>
            <if test="title != null">
                title = #{title},
            </if>
            <if test="contactInfo != null">
                contact_info = #{contactInfo}
            </if>
        </set>
        WHERE id = #{id}
    </update>

</mapper>