<?xml version="1.0" encoding="UTF-8" ?>
<!DOCTYPE mapper
        PUBLIC "-//mybatis.org//DTD Mapper 3.0//EN"
        "http://mybatis.org/dtd/mybatis-3-mapper.dtd">
<mapper namespace="test.coursedesign.mapper.UserMapper">
    <insert id="registerUser">
        insert into user
        <trim prefix="(" suffix=")" suffixOverrides=",">
            <if test="username != null">username,</if>
            <if test="password != null">password,</if>
            <if test="creatTime != null">creatTime,</if>
        </trim>
        <trim prefix="VALUES (" suffix=")" suffixOverrides=",">
            <if test="username != null">#{username},</if>
            <if test="password != null">#{password},</if>
            <if test="creatTime != null">#{creatTime},</if>
        </trim>
    </insert>
    <update id="userupdate">
        update user
        <set>
            <if test="password != null">
                password = #{password}
            </if>
            <if test="position != null">
                position = #{position}
            </if>
        </set>
        where username = #{username}
    </update>
</mapper>